Oligo,Virus,Sequence
ie-1_XbaI_fw,AcMNPV,ACTGTCTAGAGCGACAAGATCGTGAACAACC
ie-1_XbaI_rv,AcMNPV,ACTGTCTAGAGCGTCAGCGGCAAGTTAATG
gp64_XbaI_fw,AcMNPV,ACTGTCTAGCACACAAGCAAGATGGTAAG
gp64_XbaI_rv,AcMNPV,ACTGTCTAGATCGTATCGATCTTGCTAAGG
p35_XbaI_fw,AcMNPV,ACTGTCTAGAGTGAGCATTTGAGCTTTACC
p35_XbaI_rv,AcMNPV,ACTGTCTAGATCGTAAAGCGAGTTTATGAG
ie-1_fw,SfGV,TATGATGTGATGCGAGCCCC
ie-1_rv,SfGV,TCACCGGCAAGGAACACTAC
dna_helicase_fw,SfGV,CGCTGGACCAAAGTTTCACG
dna_helicase_rv,SfGV,GCAACGCCATCACATCCAAA
vp39_fw,AcMNPV,GCGTGTTGCTTGTGAAACCT
vp39_rv,AcMNPV,TGATGCAAGCCGAACAGCTA
